{
  "hash": "ec3c5fda",
  "configHash": "d83b8000",
  "lockfileHash": "f73c2b89",
  "browserHash": "656aa770",
  "optimized": {
    "@angular/common": {
      "src": "../../../../../node_modules/@angular/common/fesm2022/common.mjs",
      "file": "@angular_common.js",
      "fileHash": "bae43123",
      "needsInterop": false
    },
    "@angular/common/http": {
      "src": "../../../../../node_modules/@angular/common/fesm2022/http.mjs",
      "file": "@angular_common_http.js",
      "fileHash": "287f02d4",
      "needsInterop": false
    },
    "@angular/common/locales/en": {
      "src": "../../../../../node_modules/@angular/common/locales/en.mjs",
      "file": "@angular_common_locales_en.js",
      "fileHash": "3922b170",
      "needsInterop": false
    },
    "@angular/core": {
      "src": "../../../../../node_modules/@angular/core/fesm2022/core.mjs",
      "file": "@angular_core.js",
      "fileHash": "4f9ef233",
      "needsInterop": false
    },
    "@angular/forms": {
      "src": "../../../../../node_modules/@angular/forms/fesm2022/forms.mjs",
      "file": "@angular_forms.js",
      "fileHash": "34b160e6",
      "needsInterop": false
    },
    "@angular/platform-browser": {
      "src": "../../../../../node_modules/@angular/platform-browser/fesm2022/platform-browser.mjs",
      "file": "@angular_platform-browser.js",
      "fileHash": "4db6ccdf",
      "needsInterop": false
    },
    "@angular/platform-browser/animations/async": {
      "src": "../../../../../node_modules/@angular/platform-browser/fesm2022/animations/async.mjs",
      "file": "@angular_platform-browser_animations_async.js",
      "fileHash": "cafaab8b",
      "needsInterop": false
    },
    "@angular/router": {
      "src": "../../../../../node_modules/@angular/router/fesm2022/router.mjs",
      "file": "@angular_router.js",
      "fileHash": "3d0e6ba9",
      "needsInterop": false
    },
    "express": {
      "src": "../../../../../node_modules/express/index.js",
      "file": "express.js",
      "fileHash": "da8f58b3",
      "needsInterop": true
    },
    "ng-zorro-antd/button": {
      "src": "../../../../../node_modules/ng-zorro-antd/fesm2022/ng-zorro-antd-button.mjs",
      "file": "ng-zorro-antd_button.js",
      "fileHash": "a27804a7",
      "needsInterop": false
    },
    "ng-zorro-antd/core/transition-patch": {
      "src": "../../../../../node_modules/ng-zorro-antd/fesm2022/ng-zorro-antd-core-transition-patch.mjs",
      "file": "ng-zorro-antd_core_transition-patch.js",
      "fileHash": "5548f93d",
      "needsInterop": false
    },
    "ng-zorro-antd/core/wave": {
      "src": "../../../../../node_modules/ng-zorro-antd/fesm2022/ng-zorro-antd-core-wave.mjs",
      "file": "ng-zorro-antd_core_wave.js",
      "fileHash": "f6d8b1fc",
      "needsInterop": false
    },
    "ng-zorro-antd/date-picker": {
      "src": "../../../../../node_modules/ng-zorro-antd/fesm2022/ng-zorro-antd-date-picker.mjs",
      "file": "ng-zorro-antd_date-picker.js",
      "fileHash": "04decc58",
      "needsInterop": false
    },
    "ng-zorro-antd/form": {
      "src": "../../../../../node_modules/ng-zorro-antd/fesm2022/ng-zorro-antd-form.mjs",
      "file": "ng-zorro-antd_form.js",
      "fileHash": "398b9ed9",
      "needsInterop": false
    },
    "ng-zorro-antd/grid": {
      "src": "../../../../../node_modules/ng-zorro-antd/fesm2022/ng-zorro-antd-grid.mjs",
      "file": "ng-zorro-antd_grid.js",
      "fileHash": "62bcdb0a",
      "needsInterop": false
    },
    "ng-zorro-antd/i18n": {
      "src": "../../../../../node_modules/ng-zorro-antd/fesm2022/ng-zorro-antd-i18n.mjs",
      "file": "ng-zorro-antd_i18n.js",
      "fileHash": "6c18e031",
      "needsInterop": false
    },
    "ng-zorro-antd/input": {
      "src": "../../../../../node_modules/ng-zorro-antd/fesm2022/ng-zorro-antd-input.mjs",
      "file": "ng-zorro-antd_input.js",
      "fileHash": "9abacdbe",
      "needsInterop": false
    },
    "ng-zorro-antd/layout": {
      "src": "../../../../../node_modules/ng-zorro-antd/fesm2022/ng-zorro-antd-layout.mjs",
      "file": "ng-zorro-antd_layout.js",
      "fileHash": "d8733e2d",
      "needsInterop": false
    },
    "ng-zorro-antd/message": {
      "src": "../../../../../node_modules/ng-zorro-antd/fesm2022/ng-zorro-antd-message.mjs",
      "file": "ng-zorro-antd_message.js",
      "fileHash": "ebce52f5",
      "needsInterop": false
    },
    "ng-zorro-antd/select": {
      "src": "../../../../../node_modules/ng-zorro-antd/fesm2022/ng-zorro-antd-select.mjs",
      "file": "ng-zorro-antd_select.js",
      "fileHash": "745a58ba",
      "needsInterop": false
    },
    "ng-zorro-antd/spin": {
      "src": "../../../../../node_modules/ng-zorro-antd/fesm2022/ng-zorro-antd-spin.mjs",
      "file": "ng-zorro-antd_spin.js",
      "fileHash": "81d10006",
      "needsInterop": false
    },
    "ng-zorro-antd/time-picker": {
      "src": "../../../../../node_modules/ng-zorro-antd/fesm2022/ng-zorro-antd-time-picker.mjs",
      "file": "ng-zorro-antd_time-picker.js",
      "fileHash": "ae26934b",
      "needsInterop": false
    }
  },
  "chunks": {
    "browser-WPO5KD2A": {
      "file": "browser-WPO5KD2A.js"
    },
    "chunk-TE672SID": {
      "file": "chunk-TE672SID.js"
    },
    "chunk-CKW3UTXP": {
      "file": "chunk-CKW3UTXP.js"
    },
    "chunk-43JJHECZ": {
      "file": "chunk-43JJHECZ.js"
    },
    "chunk-XQL7PFAL": {
      "file": "chunk-XQL7PFAL.js"
    },
    "chunk-NRB5VDQW": {
      "file": "chunk-NRB5VDQW.js"
    },
    "chunk-ABQCCJH7": {
      "file": "chunk-ABQCCJH7.js"
    },
    "chunk-N62OGCGU": {
      "file": "chunk-N62OGCGU.js"
    },
    "chunk-SU64ZARU": {
      "file": "chunk-SU64ZARU.js"
    },
    "chunk-QT3OUSZH": {
      "file": "chunk-QT3OUSZH.js"
    },
    "chunk-VCNO2JJF": {
      "file": "chunk-VCNO2JJF.js"
    },
    "chunk-2E4SSK63": {
      "file": "chunk-2E4SSK63.js"
    },
    "chunk-JBNVMIOA": {
      "file": "chunk-JBNVMIOA.js"
    },
    "chunk-YPBLRZ4L": {
      "file": "chunk-YPBLRZ4L.js"
    },
    "chunk-XC7XMM44": {
      "file": "chunk-XC7XMM44.js"
    },
    "chunk-W2KKXSTY": {
      "file": "chunk-W2KKXSTY.js"
    },
    "chunk-CZQ3UU5R": {
      "file": "chunk-CZQ3UU5R.js"
    },
    "chunk-D5XTZPJC": {
      "file": "chunk-D5XTZPJC.js"
    },
    "chunk-OUSUYXUM": {
      "file": "chunk-OUSUYXUM.js"
    },
    "chunk-MPBZZG2J": {
      "file": "chunk-MPBZZG2J.js"
    },
    "chunk-ULOLB6FR": {
      "file": "chunk-ULOLB6FR.js"
    },
    "chunk-STKTRHOA": {
      "file": "chunk-STKTRHOA.js"
    },
    "chunk-VSAWA6ZC": {
      "file": "chunk-VSAWA6ZC.js"
    },
    "chunk-MV4GSUHJ": {
      "file": "chunk-MV4GSUHJ.js"
    },
    "chunk-MJN7JAV6": {
      "file": "chunk-MJN7JAV6.js"
    },
    "chunk-O4YKZ22J": {
      "file": "chunk-O4YKZ22J.js"
    },
    "chunk-KMETBW26": {
      "file": "chunk-KMETBW26.js"
    },
    "chunk-Y62KYHCT": {
      "file": "chunk-Y62KYHCT.js"
    },
    "chunk-X6JV76XL": {
      "file": "chunk-X6JV76XL.js"
    }
  }
}